book_id,title,region_label,citation_url,confidence
Analects,Lunyu / Analects,Lu,https://zh.wikipedia.org/zh-hans/%E8%AE%BA%E8%AF%AD,high
Mencius,Mengzi / Mencius,Lu,https://zh.wikipedia.org/wiki/%E5%AD%9F%E5%AD%90,high
Xunzi,Xunzi,Qi,https://zh.wikipedia.org/wiki/%E8%8D%80%E5%AD%90#%E8%91%97%E4%BD%9C,medium
Liji,Liji / Book of Rites,Lu,https://zh.wikipedia.org/wiki/%E7%A4%BC%E8%AE%B0,medium
Xiaojing,Xiaojing / Classic of Filial Piety,Lu,https://zh.wikipedia.org/wiki/%E5%AD%9D%E7%B6%93,high
Kongzi_Jiayu,Kongzi Jiayu / School Sayings of Confucius,Lu,https://zh.wikipedia.org/wiki/%E5%AD%94%E5%AD%90%E5%AE%B6%E8%AF%AD,high
Zhongyong,Zhongyong / Doctrine of the Mean,Lu,https://zh.wikipedia.org/wiki/%E4%B8%AD%E5%BA%B8,medium
Mozi,Mozi,Song,https://zh.wikipedia.org/wiki/%E5%A2%A8%E5%AD%90,high
Laozi,Laozi / Daodejing,Zhou,https://zh.wikipedia.org/wiki/%E8%80%81%E5%AD%90,high
Zhuangzi,Zhuangzi,Song,https://zh.wikipedia.org/wiki/%E5%BA%84%E5%AD%90,medium
Liezi,Liezi,Zheng,https://zh.wikipedia.org/wiki/%E5%88%97%E5%AD%90,medium
Han_Feizi,Han Feizi,Han,https://baike.baidu.com/item/%E9%9F%A9%E9%9D%9E/1111,medium
Shangjunshu,Shangjunshu / Book of Lord Shang,Qin,https://baike.baidu.com/item/%E5%95%86%E5%90%9B%E4%B9%A6/783659,high
Guanzi,Guanzi,Qi,https://baike.baidu.com/item/%E7%AE%A1%E5%AD%90/2803861,high
Gongsun_Longzi,Gongsun Longzi,Zhao,https://baike.baidu.com/item/%E5%85%AC%E5%AD%99%E9%BE%99%E5%AD%90/1066688,high
Lushi_Chunqiu,Lüshi Chunqiu,Qin,https://baike.baidu.com/item/%E5%90%95%E6%B0%8F%E6%98%A5%E7%A7%8B/615121,high
Huainanzi,Huainanzi,Han/Huainan,https://baike.baidu.com/item/%E6%B7%AE%E5%8D%97%E5%AD%90/909956,high
Guiguzi,Guiguzi,Zhou,https://baike.baidu.com/item/%E7%8E%8B%E8%AF%A9/7414?fromtitle=%E9%AC%BC%E8%B0%B7%E5%AD%90&fromid=140,medium
Sunzi_Bingfa,Sunzi Bingfa / Art of War,Qi/Wu,https://baike.baidu.com/item/%E5%AD%99%E5%AD%90%E5%85%B5%E6%B3%95/136,high
Wuzi,Wuzi,Wei/Chu,https://baike.baidu.com/item/%E5%90%B4%E8%B5%B7/8257?fromtitle=%E5%90%B4%E5%AD%90&fromid=131793,high
Liutao,Liutao / Six Secret Teachings,Qi,https://baike.baidu.com/item/%E5%85%AD%E9%9F%AC/735077,high
Sima_Fa,Sima Fa,Qi,https://baike.baidu.com/item/%E5%8F%B8%E9%A9%AC%E6%B3%95/425229,high
Wei_Liaozi,Wei Liaozi,Wei,https://baike.baidu.com/item/%E5%B0%89%E7%BC%AD%E5%AD%90?fromModule=lemma_search-box,medium
